Rack,Code,ItemCode,Qty,Stockcell,Last_Updated
1,RL-00192,C0402C104K5RACTU,3000,Right A/01,2026-04-09 13:45:22
1,RL-00847,RC0603FR-07100RL,5000,Right B/03,2026-04-09 13:45:22
2,RL-01203,GRM188R61A106KE6,2500,Left A/07,2026-04-09 13:44:10
2,RL-01845,CC0402KRX5R8BB47,10000,Left C/12,2026-04-09 13:44:10
3,RL-02001,CRCW0402100RFKED,8000,Right D/05,2026-04-09 13:43:55
3,RL-02234,ERJ-2GEJ0R00X,6000,Right E/09,2026-04-09 13:43:55
1,RL-03001,C0402C104K5RACTU,4500,Right A/02,2026-04-09 13:45:22
4,RL-03212,CL10B104KB8NNNC,7200,Right F/11,2026-04-09 13:42:01
5,RL-03900,CGA2B2X7R1H104K,3300,Left G/55,2026-04-09 13:41:30
